split,y_true,y_pred,y_score,source,region
train,low,low,0.91,web,north
train,high,high,0.88,web,north
train,medium,low,0.62,email,south
train,high,high,0.77,api,north
train,low,low,0.85,api,south
train,medium,medium,0.70,web,south
validation,high,medium,0.73,email,south
validation,low,low,0.92,web,north
validation,medium,medium,0.67,api,north
validation,high,high,0.81,web,south
test,high,high,0.83,web,north
test,medium,low,0.79,email,south
test,low,low,0.89,api,north
test,high,medium,0.76,email,south
test,medium,medium,0.61,web,south
test,low,low,0.95,web,north
test,high,high,0.58,api,south
test,medium,medium,0.72,api,north
